/*Se crea la base de datos */
drop schema if exists practica;
drop user if exists usuario_practica;
CREATE SCHEMA practica ;

/*Se crea un usuario para la base de datos llamado "usuario_practica" y tiene la contraseña "la_Clave."*/
create user 'usuario_practica'@'%' identified by 'la_Clave.';

/*Se asignan los prvilegios sobr ela base de datos TechShop al usuario creado */
grant all privileges on practica.* to 'usuario_practica'@'%';
flush privileges;

CREATE TABLE practica.arbol (
    id INT NOT NULL AUTO_INCREMENT,
    ruta_imagen VARCHAR(1024),
    activo bool,
    nombre_comun TEXT,
    tipo_flor TEXT,
    dureza_madera int,
    PRIMARY KEY (id))
    ENGINE = InnoDB
DEFAULT CHARACTER SET = utf8mb4;
 
 CREATE TABLE practica.usuario (
  id_usuario INT NOT NULL AUTO_INCREMENT,
  username varchar(20) NOT NULL,
  password varchar(512) NOT NULL,
  nombre VARCHAR(20) NOT NULL,
  apellidos VARCHAR(30) NOT NULL,
  correo VARCHAR(25) NULL,
  telefono VARCHAR(15) NULL,
  ruta_imagen varchar(2048), 
  categoriafactura varchar(50), 
  activo boolean,
  PRIMARY KEY (`id_usuario`)
) ENGINE = InnoDB DEFAULT CHARACTER SET = utf8mb4;


create table practica.factura (
  id_factura INT NOT NULL AUTO_INCREMENT,
  id_usuario INT NOT NULL,
  fecha date,  
  total double,
  estado int,
  PRIMARY KEY (id_factura),
  foreign key fk_factura_usuario (id_usuario) references usuario(id_usuario)  
)
ENGINE = InnoDB
DEFAULT CHARACTER SET = utf8mb4;

create table practica.producto (
  id_producto INT NOT NULL AUTO_INCREMENT,
  id INT NOT NULL,
  descripcion VARCHAR(30) NOT NULL,  
  detalle VARCHAR(1600) NOT NULL, 
  precio double,
  existencias int,  
  ruta_imagen varchar(2048),
  activo bool,
  PRIMARY KEY (id_producto),
  foreign key fk_producto_arbol (id) references arbol(id)  
)
ENGINE = InnoDB
DEFAULT CHARACTER SET = utf8mb4;



/*Se insertan 3 registros en la tabla cliente como ejemplo */
INSERT INTO practica.usuario (id_usuario, username,password,nombre, apellidos, correo, telefono,ruta_imagen,activo) VALUES 
(1,'juan','$2a$10$P1.w58XvnaYQUQgZUCk4aO/RTRl8EValluCqB3S2VMLTbRt.tlre.','Juan', 'Castro Mora',    'jcastro@gmail.com',    '4556-8978', 'https://upload.wikimedia.org/wikipedia/commons/thumb/2/2a/Juan_Diego_Madrigal.jpg/250px-Juan_Diego_Madrigal.jpg',true),
(2,'rebeca','$2a$10$GkEj.ZzmQa/aEfDmtLIh3udIH5fMphx/35d0EYeqZL5uzgCJ0lQRi','Rebeca',  'Contreras Mora', 'acontreras@gmail.com', '5456-8789','https://upload.wikimedia.org/wikipedia/commons/0/06/Photo_of_Rebeca_Arthur.jpg',true),
(3,'pedro','$2a$10$koGR7eS22Pv5KdaVJKDcge04ZB53iMiw76.UjHPY.XyVYlYqXnPbO','Pedro', 'Mena Loria',     'lmena@gmail.com',      '7898-8936','https://upload.wikimedia.org/wikipedia/commons/thumb/f/fd/Eduardo_de_Pedro_2019.jpg/480px-Eduardo_de_Pedro_2019.jpg?20200109230854',true);


/*Se insertan 3 categorias de productos como ejemplo */
INSERT INTO practica.arbol (id,nombre_comun,tipo_flor,dureza_madera,ruta_imagen,activo) VALUES 
('1','Madera_interior',' anturio ', '5','https://www.google.com/imgres?imgurl=https%3A%2F%2Fimg.freepik.com%2Ffotos-premium%2Fmuestras-madera-decoracion-interiores-interiores-muchos-patrones-sutiles-pisos-paredes-close-up-escala-colores-piezas-madera-muestra_488721-86.jpg&tbnid=Ma44DKQadUnZ8M&vet=10CE4QMyiMAWoXChMIgMGr4K3OhAMVAAAAAB0AAAAAEAM..i&imgrefurl=https%3A%2F%2Fwww.freepik.es%2Ffotos-premium%2Fmuestras-madera-decoracion-interiores-interiores-muchos-patrones-sutiles-pisos-paredes-close-up-escala-colores-piezas-madera-muestra_18635766.htm&docid=JeVI22O9b-pgaM&w=626&h=417&q=madera%20para%20interiores&ved=0CE4QMyiMAWoXChMIgMGr4K3OhAMVAAAAAB0AAAAAEAM',   true), 
('2','Madera_exterior','chinas ','9','https://www.google.com/imgres?imgurl=https%3A%2F%2Flabois.com%2Fwp-content%2Fuploads%2F2016%2F10%2Fmaderas-para-intemperie-alno-bubinga-elondo-ipe-massaranduba-palo-rosa.jpg&tbnid=zTLy--FrJYD6IM&vet=12ahUKEwi_xY3YtM6EAxUmPlkFHeZ6BcQQMygdegUIARCwAQ..i&imgrefurl=https%3A%2F%2Flabois.com%2Fmadera%2Fmaderas-exterior-resistentes-intemperie%2F&docid=sTUC59TM6YGPnM&w=1200&h=539&q=madera%20para%20exterior&ved=2ahUKEwi_xY3YtM6EAxUmPlkFHeZ6BcQQMygdegUIARCwAQ',true),
('3','Acabados','rosas','5','https://www.google.com/url?sa=i&url=https%3A%2F%2Fwww.pinterest.com%2Fpin%2F655414552010248868%2F&psig=AOvVaw3vnBJhKtZTQ1Wb2lPEPSpd&ust=1709222684431000&source=images&cd=vfe&opi=89978449&ved=0CBIQjRxqFwoTCMifi7u0zoQDFQAAAAAdAAAAABAE',true),
('4','Mubles','suculentas ', '9','https://www.google.com/imgres?imgurl=https%3A%2F%2Fwww.solerarellano-barcelona.com%2Fwp-content%2Fuploads%2F2019%2F07%2Ftipos-de-maderas-para-muebles.jpg&tbnid=vL71Y_XHaGrVcM&vet=12ahUKEwjB3bjFt86EAxX3gokEHcTxAsMQMygFegQIARB5..i&imgrefurl=https%3A%2F%2Fwww.solerarellano-barcelona.com%2Febanisteria%2Ftipos-de-maderas-para-muebles%2F&docid=QNIksKl5B5nLgM&w=804&h=537&q=madera%20para%20muebles&ved=2ahUKEwjB3bjFt86EAxX3gokEHcTxAsMQMygFegQIARB5',   false);


/*Se insertan 4 productos por categoria */
INSERT INTO practica.producto (id_producto,id,descripcion,detalle,precio,existencias,ruta_imagen,activo) VALUES
(1,1,'abeto dougles','Purus dictumst scelerisque mollis platea malesuada per vehicula lectus blandit sed, vulputate morbi imperdiet duis dapibus congue class accumsan nullam, ligula eleifend tincidunt urna mi condimentum dis posuere tellus. Sem rutrum erat mauris justo nunc odio condimentum in dictumst, cum porttitor lectus dignissim velit nulla gravida lobortis tempus vehicula, pharetra urna ullamcorper metus semper volutpat proin senectus. Aliquam donec cras ante hendrerit enim vitae nostra consequat scelerisque a habitant dictum congue ornare potenti, sodales velit litora suspendisse nullam neque pellentesque dui etiam platea imperdiet pretium luctus.',23000,5,'https://www.google.com/imgres?imgurl=https%3A%2F%2Farbolesmadrid.files.wordpress.com%2F2013%2F02%2Fp1070244.jpg&tbnid=NSngE_Jz2FX-HM&vet=12ahUKEwjhrNmcys6EAxU8MVkFHWPOCy4QMygEegQIARBd..i&imgrefurl=https%3A%2F%2Farbolesmadrid.wordpress.com%2F2013%2F02%2F06%2Fabeto-de-douglas-pseudotsuga-menziesii-douglas-fir%2F&docid=q5g6WW7TKx_VDM&w=3000&h=4000&q=abeto%20douglas&hl=es-419&ved=2ahUKEwjhrNmcys6EAxU8MVkFHWPOCy4QMygEegQIARBd',true),
(2,1,'spruce','Litora metus senectus mattis egestas mus fames tempus suscipit, inceptos luctus hendrerit congue quis sem. Potenti quis conubia fermentum non dictum nibh, viverra neque sed pretium eros aptent, metus hac at imperdiet est. Accumsan donec sociosqu etiam venenatis felis aenean suspendisse facilisi dignissim conubia non, molestie est ultrices neque id diam pellentesque quis quisque in odio, per nulla aptent arcu vehicula lobortis aliquet tempor cum platea.',27000,2,'https://www.google.com/imgres?imgurl=https%3A%2F%2Fedgeofthewoodsnursery.com%2Fwp-content%2Fuploads%2FWhitesprucehtf.jpg&tbnid=qaVzN9DanhaVXM&vet=12ahUKEwi_1Jyxys6EAxVvN2IAHTtuA-0QMygQegQIARBt..i&imgrefurl=https%3A%2F%2Fedgeofthewoodsnursery.com%2Fspecies-spotlight-white-spruce&docid=-k6JYn5ILVMhNM&w=1600&h=1201&q=spruce&hl=es-419&ved=2ahUKEwi_1Jyxys6EAxVvN2IAHTtuA-0QMygQegQIARBt',true),
(3,1,'cypress','Purus dictumst scelerisque mollis platea malesuada per vehicula lectus blandit sed, vulputate morbi imperdiet duis dapibus congue class accumsan nullam, ligula eleifend tincidunt urna mi condimentum dis posuere tellus. Sem rutrum erat mauris justo nunc odio condimentum in dictumst, cum porttitor lectus dignissim velit nulla gravida lobortis tempus vehicula, pharetra urna ullamcorper metus semper volutpat proin senectus. Aliquam donec cras ante hendrerit enim vitae nostra consequat scelerisque a habitant dictum congue ornare potenti, sodales velit litora suspendisse nullam neque pellentesque dui etiam platea imperdiet pretium luctus.',24000,5,'https://www.google.com/imgres?imgurl=https%3A%2F%2Fcdn.britannica.com%2F88%2F12488-120-BD690467%2FItalian-cypress.jpg&tbnid=G-BB7Cq91hanpM&vet=12ahUKEwjZxOe_ys6EAxWDFmIAHcW-CoEQMygNegQIARBh..i&imgrefurl=https%3A%2F%2Fwww.britannica.com%2Fplant%2Fcypress&docid=VO3B_0hXmkpGDM&w=900&h=675&q=cypress&hl=es-419&ved=2ahUKEwjZxOe_ys6EAxWDFmIAHcW-CoEQMygNegQIARBh',true),
(4,1,'secoya','Litora metus senectus mattis egestas mus fames tempus suscipit, inceptos luctus hendrerit congue quis sem. Potenti quis conubia fermentum non dictum nibh, viverra neque sed pretium eros aptent, metus hac at imperdiet est. Accumsan donec sociosqu etiam venenatis felis aenean suspendisse facilisi dignissim conubia non, molestie est ultrices neque id diam pellentesque quis quisque in odio, per nulla aptent arcu vehicula lobortis aliquet tempor cum platea.',27600,2,'https://www.google.com/url?sa=i&url=https%3A%2F%2Fwww.istockphoto.com%2Fes%2Ffotos%2Fparque-nacional-de-secoya&psig=AOvVaw2up3Mfg23ihVaG7BRsdxbr&ust=1709228550395000&source=images&cd=vfe&opi=89978449&ved=0CBIQjRxqFwoTCJiQr6jKzoQDFQAAAAAdAAAAABAJ',true),
(5,2,'bambu','Auctor id morbi tempor litora fusce potenti, ornare integer imperdiet turpis accumsan enim, sagittis suscipit purus lacus nunc. Posuere tellus elementum imperdiet sollicitudin consequat torquent urna risus, pulvinar ac per quis egestas tristique ultricies, bibendum dignissim congue eu litora malesuada montes. Nisl arcu mi purus auctor nulla sodales torquent facilisis imperdiet, dignissim bibendum justo dictum in congue integer scelerisque sagittis, accumsan laoreet nam augue felis massa varius nostra.',45000,5,'https://www.google.com/imgres?imgurl=https%3A%2F%2Ft2.uc.ltmcdn.com%2Fes%2Fposts%2F2%2F7%2F3%2Fcomo_plantar_bambu_49372_orig.jpg&tbnid=849H9BoDv8IQuM&vet=12ahUKEwjrtq_3ys6EAxWPMWIAHTVsASIQMygAegQIARBx..i&imgrefurl=https%3A%2F%2Fwww.mundodeportivo.com%2Funcomo%2Fhogar%2Farticulo%2Fcomo-plantar-bambu-49372.html&docid=N-GUWXUTewyspM&w=1920&h=1279&q=bambu&hl=es-419&ved=2ahUKEwjrtq_3ys6EAxWPMWIAHTVsASIQMygAegQIARBx',true),
(6,2,'pino verde','Auctor id morbi tempor litora fusce potenti, ornare integer imperdiet turpis accumsan enim, sagittis suscipit purus lacus nunc. Posuere tellus elementum imperdiet sollicitudin consequat torquent urna risus, pulvinar ac per quis egestas tristique ultricies, bibendum dignissim congue eu litora malesuada montes. Nisl arcu mi purus auctor nulla sodales torquent facilisis imperdiet, dignissim bibendum justo dictum in congue integer scelerisque sagittis, accumsan laoreet nam augue felis massa varius nostra.',57000,2,'https://www.google.com/imgres?imgurl=https%3A%2F%2Fimages.pexels.com%2Fphotos%2F1179229%2Fpexels-photo-1179229.jpeg%3Fauto%3Dcompress%26cs%3Dtinysrgb%26w%3D1260%26h%3D750%26dpr%3D1&tbnid=ZQKUEeY8XnNIXM&vet=12ahUKEwimz_aXy86EAxX-B2IAHQJnD_QQMyhDegUIARCOAg..i&imgrefurl=https%3A%2F%2Fwww.pexels.com%2Fes-es%2Ffoto%2Farboles-de-pino-verde-1179229%2F&docid=U4KR-MLNGrcbAM&w=500&h=750&q=pino%20verde&hl=es-419&ved=2ahUKEwimz_aXy86EAxX-B2IAHQJnD_QQMyhDegUIARCOAg',true),
(7,2,'teca','Cum placerat etiam lobortis curabitur fames class facilisi hac duis, congue vulputate mus feugiat nostra imperdiet neque vehicula. Mi mollis ridiculus montes aenean sagittis vitae metus, netus massa ligula sociis magnis porttitor, torquent nisl eleifend lobortis dignissim at. Eget nostra tellus sagittis condimentum nec felis curabitur dis ad purus, montes dapibus ullamcorper cras vivamus facilisis nascetur lectus porttitor, dictum vulputate luctus pretium ligula eu posuere rhoncus molestie. Nibh platea odio at mollis est, turpis enim felis pharetra tellus placerat, facilisis praesent massa nulla. Accumsan curabitur cras mus turpis malesuada arcu aptent, volutpat praesent habitant senectus quis mollis sed, viverra nec proin nostra cubilia hendrerit.',25000,5,'https://www.google.com/url?sa=i&url=https%3A%2F%2Fwww.reforestashop.com%2Fproducts%2Fsemilla-de-arbol-de-teca-tectona-grandis-paquete-con-20-piezas&psig=AOvVaw0X5k-Wi6k8J13h9FQyVqb7&ust=1709228731101000&source=images&cd=vfe&opi=89978449&ved=0CBIQjRxqFwoTCMiayP7KzoQDFQAAAAAdAAAAABAE',true),
(8,2,'tropicales ','Purus dictumst scelerisque mollis platea malesuada per vehicula lectus blandit sed, vulputate morbi imperdiet duis dapibus congue class accumsan nullam, ligula eleifend tincidunt urna mi condimentum dis posuere tellus. Sem rutrum erat mauris justo nunc odio condimentum in dictumst, cum porttitor lectus dignissim velit nulla gravida lobortis tempus vehicula, pharetra urna ullamcorper metus semper volutpat proin senectus. Aliquam donec cras ante hendrerit enim vitae nostra consequat scelerisque a habitant dictum congue ornare potenti, sodales velit litora suspendisse nullam neque pellentesque dui etiam platea imperdiet pretium luctus.',27600,2,'https://www.google.com/imgres?imgurl=https%3A%2F%2Fwww.maderea.es%2Fimagenes%2F2021%2F02%2Fmaderas-tropicales.jpg&tbnid=tGdq4nVlZFbOtM&vet=12ahUKEwj84J3Dy86EAxVKFmIAHa6_CKwQMygAegQIARBa..i&imgrefurl=https%3A%2F%2Fwww.maderea.es%2Fmadera-tropical-que-es-ventajas-y-usos%2F&docid=WxSgaaqWJdl1MM&w=900&h=375&q=madera%20tropical&hl=es-419&ved=2ahUKEwj84J3Dy86EAxVKFmIAHa6_CKwQMygAegQIARBa',true),
(9,3,'haya','Morbi egestas sociis magnis curabitur suscipit nostra blandit magna torquent convallis, enim parturient feugiat fringilla litora aliquam turpis nisl at velit, fames aenean dui viverra arcu habitasse nascetur platea ac. Lectus nibh imperdiet nascetur proin potenti nisl mattis fringilla urna consequat diam, pellentesque vulputate magnis ridiculus dignissim nec venenatis primis ut bibendum, penatibus himenaeos mus sapien magna etiam velit justo vivamus metus. Tellus volutpat hendrerit vehicula lacinia aliquam euismod lectus erat posuere, arcu nec morbi dui placerat quisque semper tempor vulputate est, turpis ac dis nostra congue odio per mattis.',15780,5,'https://www.google.com/imgres?imgurl=https%3A%2F%2Fdefinicion.de%2Fwp-content%2Fuploads%2F2009%2F09%2Fhaya-1.jpg&tbnid=fEdnGt6Z8PY0MM&vet=12ahUKEwiZw5bby86EAxVrBmIAHYlRAHsQMygBegQIARBW..i&imgrefurl=https%3A%2F%2Fdefinicion.de%2Fhaya%2F&docid=PfXZIfJx9YTiIM&w=1280&h=853&q=haya%20arbol&hl=es-419&ved=2ahUKEwiZw5bby86EAxVrBmIAHYlRAHsQMygBegQIARBW',true),
(10,3,'Abeto','Rhoncus ante magna cursus consequat proin senectus ridiculus, varius maecenas tellus justo facilisi ligula eros dapibus, taciti sollicitudin vulputate vivamus lacus fusce. Lacus aptent facilisi urna volutpat vestibulum nunc sociis viverra habitasse egestas, vivamus blandit ultricies neque netus pulvinar elementum ac per iaculis, donec euismod porttitor velit diam ullamcorper congue phasellus nam. Feugiat senectus parturient tristique enim ac integer torquent rutrum imperdiet, nec dapibus nam vestibulum sodales phasellus dis egestas urna, donec interdum id dictumst mollis nostra felis euismod. Ornare proin diam lobortis enim maecenas tempus scelerisque nascetur, id quam magna fames vitae posuere luctus tempor, interdum mattis et ac sapien imperdiet ante.',15000,2,'https://www.google.com/imgres?imgurl=https%3A%2F%2Fimages.hola.com%2Fimagenes%2Fdecoracion%2F20211207200902%2Fcultivo-abeto-plateado-plantas-exterior-mc%2F1-28-353%2Fcultivar-abeto-blanco-3-a.jpg%3Ftx%3Dw_360&tbnid=IvuOVKbviwKAQM&vet=12ahUKEwjL0uPHyc6EAxX5oLAFHXYMAsUQMygHegQIARB_..i&imgrefurl=https%3A%2F%2Fwww.hola.com%2Fdecoracion%2Fgaleria%2F20211207200902%2Fcultivo-abeto-plateado-plantas-exterior-mc%2F1%2F&docid=Viphwi-QfhFnaM&w=360&h=540&q=abeto&hl=es-419&ved=2ahUKEwjL0uPHyc6EAxX5oLAFHXYMAsUQMygHegQIARB_',true),
(11,3,'roble macizo','Primis quis sollicitudin ac himenaeos dui metus ridiculus, viverra vitae erat litora mauris eget, ut nisl platea feugiat inceptos cum. Diam vitae sem nulla commodo hendrerit duis dictum, tristique senectus maecenas eu augue dignissim lectus, eros cursus felis ornare nisl primis. Tempor facilisi ad scelerisque himenaeos nec ultrices interdum praesent, tincidunt mauris morbi nostra et parturient vivamus odio viverra, eget eu fermentum conubia vestibulum sagittis feugiat. Nulla mus dis rutrum feugiat imperdiet sociosqu non augue tempor sem, arcu natoque ridiculus odio dapibus quis ligula sagittis dui.',25400,5,'https://www.google.com/imgres?imgurl=https%3A%2F%2Fcdn0.bioenciclopedia.com%2Fes%2Fposts%2F8%2F2%2F5%2Froble_comun_528_orig.jpg&tbnid=1Lc-2NxG2QvuIM&vet=12ahUKEwj976_qy86EAxUOElkFHSy1CdMQMygFegQIARB7..i&imgrefurl=https%3A%2F%2Fwww.bioenciclopedia.com%2Froble-comun-528.html&docid=lA3Oh8vbkRUBRM&w=800&h=500&q=roble&hl=es-419&ved=2ahUKEwj976_qy86EAxUOElkFHSy1CdMQMygFegQIARB7',true),
(12,3,'pino','Risus tristique donec faucibus cursus dictumst vestibulum maecenas, ac scelerisque luctus purus senectus quisque pellentesque, dictum commodo accumsan himenaeos placerat suscipit. Pharetra erat cubilia sapien feugiat aenean molestie vulputate ac, lectus phasellus rutrum pretium interdum a natoque varius parturient, pulvinar condimentum praesent mollis ante nulla inceptos. Curabitur vestibulum malesuada justo non nostra nam donec dictum platea, commodo dictumst natoque bibendum leo nibh cras habitant primis, quisque augue eget ultrices pulvinar sodales odio rhoncus. Diam condimentum id pellentesque imperdiet porttitor vestibulum himenaeos iaculis, natoque ornare scelerisque nam nostra taciti tortor malesuada, sapien lacus cubilia suspendisse eros rutrum conubia.',45000,3,'https://www.google.com/imgres?imgurl=https%3A%2F%2Fwww.aragon.es%2Fdocuments%2F20127%2F94471716%2FPino_Escobon_vertical.jpg%2F9b4e6fdc-a2f5-8806-12c4-63e4544e8a6f%3Ft%3D1679390984542&tbnid=RFEHn9r5zn5WSM&vet=12ahUKEwj0-un7y86EAxXZJmIAHUBpCdAQMygEegQIARB5..i&imgrefurl=https%3A%2F%2Fwww.aragon.es%2F-%2Farbol-singular-pino-del-escobon&docid=oCXCeW9CbkliVM&w=660&h=806&q=pino&hl=es-419&ved=2ahUKEwj0-un7y86EAxXZJmIAHUBpCdAQMygEegQIARB5',true),
(13,4,'okume','Nam ad hac curae mollis dui scelerisque convallis eros, dignissim faucibus velit nostra dapibus cursus vehicula habitasse facilisi, mi conubia pellentesque quisque cras justo inceptos. Integer varius consequat volutpat at dui scelerisque dapibus magnis platea quis, purus mi nibh tempor inceptos litora hac himenaeos ultrices. Convallis orci dictumst tincidunt phasellus facilisis ullamcorper montes vestibulum, leo cubilia tempus fringilla sodales per lacus viverra pretium, potenti id sociis fames curae nam etiam.',285000,0,'data:image/jpeg;base64,/9j/4AAQSkZJRgABAQAAAQABAAD/2wCEAAoGBxQUEhYUFBQYGBYZGiEcGhoaGx0hIhsgHxsZHRojHR8fHyskHSEoIiAgJTQkKCwuMTExHyE3PDcwOyswMS4BCwsLDw4PHRERHTAoIigwMDAwMDAwMDAwMDAwMDAwMDAwMDAwMDAwMDAwMDAwMDAwMDAwMDAwMDAwMDAwMDAwMP/AABEIAOEA4QMBIgACEQEDEQH/xAAcAAABBQEBAQAAAAAAAAAAAAAFAAMEBgcCAQj/xABHEAACAQIEBAQDBgQCBwYHAAABAhEDIQAEEjEFIkFRBhNhcTKBkSNCobHR8AcUUsEVklNigpPS4fEWMzRUoqMXJENVY3KD/8QAFwEBAQEBAAAAAAAAAAAAAAAAAAECA//EAB8RAQEBAAMAAgMBAAAAAAAAAAABEQIhMRJBUWFxMv/aAAwDAQACEQMRAD8A48QeUqytQAPBqhWHxiIt0G3axiT0N8OqpVQGkiaSNFRmiCqgkwBewvuItigJnmcFC/xKAdjFpAJt1id8G/ClevSstmqA6RMTusnpNvy9cc+F7c4c8WUalXMK9NCiBBd2UHd5bSCdzqkflOBzeHqxRTRDPbVYQXGpiDpEmwE3uCesTg1W8TkvoqIkCZGlYk7n3G4PcYayPiPnRV0oF5ZgEuNXLMbH/n3OLvGiu8UzjlqK1KRplL66iEMTNmkrBBJXvsu2DfhDxy9B3LqktpHMIvYWKyATcmd8SOK+DauYLKlV3QkldTEWOkrTALco91A23xUuO8Nq0NIbbSCVJBK32Mb3mOuN6rRMr4oomvDlwnmhPiIMwDqMmCAfTY+uKx498SU6teAA4X74sWA6GSQesGOve5AcI4mlCqGJBAiYgkbahfuJHy2xF4hxLz6jFpOuozggKLtvI+nWLe+Fup2cy3FCGvb2+Rvg/kOKFmQrUu0gDoJB6fsYqcNY/FG09OotiRwoh20uSB37XEn6Yi7WkU+Ka0RVKBrdAQ3a+39sSBxBQSCnSPUX6fLFUyLHyuQQqHTqXYn3jsRgjl8/IhjYDfrM7X3xKas3DCKraZCjuZ/YwcyuRUPpF9J36D3vt64pOUzGlh+/bF08NZovqaee0QCe8/L09sWdLBzKsNTMzqTAAAPTfr749r5OlUO4n0P9hhZWsxkOBIJk/Pp9MSEqB5AO2LrSp8Syzq5UEC24tPcYhtUDaPMN1NvlNiOowW8RNIIVZZTc6T+BH7vit1zJ1Aj27euJWa643QphyaRt69Tf8L4FcVpHy9VgevsO/tia1SYkdL4hcUqcpADXt8o69sYrNiLwemrAggBgC17AiG6/2xJ4ZkywR9axTbSom5gSYt1va1++Iq8GqlEfUoQ6mHxTpQMSWABsIMASfS+CvD+E1l0hnKjU6z0Drrkm2w0Ndb2WdxhvaDPGaS18oamor5YhQ0/95qEk9r9bfLFLPE6VFj9kju4Eh5+KSZB0wSTE37Rva2cScfyiUYSGVyWLMoBUMWIIUgGAWgj8YOKHxnhNWnRDCArUkqEsBMO+kX+nbG93xaLUc7SZwRoQ1GDMDysqsBrCt0Xc2Mmw6nA7iTUDmHFOmzimurTA0gqyltYuxS0mNpvacM+FODGvVY1H+wSnqqViTFKney3POwsE6XMGINny+Tp5atW+zajTzIU1NIdnyyNrK0BEgVa4UfCQVLaRJ8stJ6SKDxjxA71qzrCirqXRpWAmwEEQDAG2x2jAiqKcrzGIBaRtuSFHUbRPfBvx54dbK1mZEC0mYSq3FB2BqCiz3DOqaWkHY9sVkAkwBc298VvD2pOx/fywse/yNT/RN9DhYdCz8N4cG5CG1NTJRVqD4gTAgrJMxy9bwcE8w9ZR9pGoJC6WBhkMQZJFhbuQDc4qC8Qe3lFp2kwD9RE/PD1bJ5iqxasXJAJ72Wx23jqcZs1MSs3V1NqMCYsgMk6RYL6Y4oKVuVIHSeuDmQ8KFaYqrVUkiWQqCQALSZMye3zFrFcrwxq1MeYBUNOTEEaVJ7Lbff8A5418c6OkHJ8Qc0xTbkEWcTsJmR94xaJxxx6rNCkhVAVUliDckkSSY2M7DqTg7l+BVaPlsqqU1apWW3gxEi47TfbHXinNI6qtTLFXLSGCsFUCLFSSCZ6Cw9ZwvFmxmtajJ/1vz7fPCymV1tpjRFiSrWttbr19tu2DniV08ukImqkhmVbMSQQCQYmLW7HAHN1mDBg51ne0QRGkjufX064kV7mHGoiCDqgiCIAidzO9yDGHMmzEodMkNA2vYQCN/wBccZbnqMVgSrG8D7pJ9J7R/bDmVy7gKw6kGxuO09vnig5lc6dC0VXpzR94gmCRIAgQLz1OHaCHVzWvHsBv8uuIecy8FiT6yfiuARIUwB64mUM8QiaRzATJvIFrXsLm0dsZ+mRXLNMYvPBHpqo8tmLFRqjv8x02xQOGuW5jcExPt0n2M4tGQzwplSjQ0zIt77jF7aiyNmV5QwkzG8TJn5YlUM0KbwxKjc2v7Hfv07YEcazlNon4gLkAbxKifnvHTEapxQGDcnux9ep6nFaEfF+2sEgG8i4No2m3S+Km9W/obxg22YNTUNx0BvcC++3U4A5qoCeQR8sTUrpqpg3tiHUIJvf59sONtfDDD8RhkQfymU8yiaoNQOkwQxAUKV2Okj7xtqU7QDfBGj4cUmVNQsKjgEsYASoVBICQbTuw3Nt8V7huYRGBaWAFxMSdx7/n+WLdl+I09AKkgEQVvPrP7vjMy1ZEfjWRUE03uhUmXqAAE1qdMAOUIGoMZGk9FmDjPMzwaouUzTLVqqVeqVUsFapSpOEqM9MkPLcxsIApOD0GLL40LVA4UMQgBKNJLAwTH9MWPtfGV57NsXJkgmRJ7dQJ6Yu9pb2P0+AVBw45hKlQVPM80UFqb0VcUw3lg6i4fmDwRpWd8FM9wXy2NHRnVzBo1K+lq1Rw1ZEUolNwiCrUVYLFVaIADcpnPBmGmZnpft29vTbBDh6LUqKcxXemgaCyAM6EKIhdQIkgCe5J6HG2llreGposav8AN1PKel5lIanAd8rTrVi9x5Teazg1DtcHqcVrP5bKrSim9SpUifhUAdpiQLdJJkNtIGJ2d8OVaHmq61Q2lmCyQbEaS0AipqGowINjNgCZWYyVPK5Uci1K9XS8uADS0FXamRIYKy6paNLCw741gqnmP/Wfq2PcEv8AtEP/ACuV/wAh/wCLCxMn5U9maMZgqoJKtAmTI6E6oIknrGLL4f8ADpzDKYWm0+o0WnU24IvMneMdZDIU6a1CCkOIANibyJEmd59oxY/C+Xakr6z2A3iOsdI2gnHKctrA74a8P06QGp1qFQNNgZlY5DuRMiDbBKhwjQAdAP8AVAuPSZmwPtfHGUUaqZRkW5Y9INpJHUkW7b4M5XOhgzR6R3/Drt8sdtawMp8REmlCzTAaRcRA3sAN/wA8dO9CstREIst2JspNiD2nGa+K/EtWnmn8lgpbVTdG+6JZQZBus378vYWm8NyPlzmhmAdaqSsgFdUASByrO+re/THP5M6D+J+BOtYtpVk08ztABaHA+ARb4jAJgE7YrNfglSSFBa8Adb7St9MmbTNr+to4lTzIpFWeoUY+YaYOrlkBTJXSRJuQR7HHfEKCh1rgCnXNvs2JjSo1EAHn1XNoufniikPwt0bSwvAJUQSAbgR3jpgplxoTSq6mIDAibCxiDbY474bly/mOih2KkxB2LczbwGjqRue+NJ4VwV6iAMiqUEeYoEXiYMSwMBTuBJ9cMtO2efyhYTVYDSdOohpYkA3iQI9Cd+mDGY4SECOQpQmS4nTEmwbvIMHbffF+4vwakKZDkAwQLkCZlTIsYN7nv6RSqdbSpDhWfSNGosdMagIAMCN+YXxKYjHOUkBWkWuQVBiwve3v1AwU4U6lGD6pgEFRI3vP07HARcsag81VgauZdhN9o2tfbrgpkuHtpWQVJ30mbDa42knEhIJjMq6RPMzEgybi0CPr1xIoUHEsV5R8xeYF8RfIZCCwBHex3222wRTLvVCqsm9xFmMfpOG940nZbhpNMRp0kwxJvcTBvt7YjZjgpjWohRyz+98TsqKyFkakuiJ0g+gkgzfa498SOG0zVdaZPKo1EdtrAe53xcMVKvkSsyPY4hpSZiBsdr40PxXR+zXTGkfd2j1Hbtij5tieUMqEHqQs2+6Yv6evricrJEvSNU4a5QkLOk33tvExvgN52ZVpQMyruAD03G24tv3wZPiYpmCicssCHYwAuqCXO8RNugE33xM4nmKeYpmhRRRWCnUxOlZlguncsSWBBBiAMZlms6AjxgFZk0kvJ5hsYBgx7d8BMzwajVAIdhA6FSB12if2MCuMUWSpoqMsNuQZ03hhMTIgz0vbEzhuZKNQYOfMWqqCnAdWUFlVis8zc9psQG6wDvG9Qs54dZGI1gDu1p+hOItHJVKZUm6kyVVoJG25B0kgkTB3xYPFNLMl/NNMU1aoUSkNLMGXlMhT1ZTMbHuIJ4HBX8unUqMqo3wxFmDaSsTJK2kxbbC7F2J9PxMmksRVNYdHAYNC6E1VBUGkXjUEkWggicVPi3E61VmaqzsxsWc6pnVMMdhEC3bfEunxJVlSZmNQAj3Hyk+l8d/ziOVDgaQbERtAt+++G0xXpwsWGMr3/wDSMLDf0uLJwxQzKmkM4IVoB5Sog3IuREfXFsyj2jc9/oBijZSoi6jTNSjoYPpaGA1My3YgcrWEgW0/SycA8Y0KmY05giimkbncmJC7iJv7GcYnrkN5/OVKIFRQWWIIC/CSdyRfT336Y84h4mVSq0XhlaKkRKN1hjZu0QRzdN8E+JcfyS0tKRU1QDIOzkgAtEA2O/b6DuFLk6S+Y2YOlnBdpkawA3MY3EFTfYiemOkmLaqfH8lVqA+UnmVKrcwIQPEEgaVAEgkzEC6AzviJw3PrSVg2XmpTC6jrJSzEA6QGDBTA3+QnFq8RZGjVpMKVVlUsBrVEbQNIBAaAzhl1QFYnaAb4A5PhFOkwanW1aixQjSZIVg4do0rvKqQSYO0g4nLiletx2rmQoIsp/wC7DafMbSIHtqtG0RifxvOUxl1NGo1M6ghVCfs2CEiIOpw3Rh73w/lPDiLlRXaVL3Zbc1yFkiAsCTFiNiMd5VKdSpUDqSgMAixeNj22Gn0Db4T9rA/wGyCqwprJqyvOJVIAK6jG4gta9rxvi/8AFHPlMz1gIAkJGm8E6RvImd5I98VXhOQqBlrqxUOzP5aptqiLRBsIsZEHe4wSzWfSmPMZwSpBcLbXsSL2JuqzP6Y19LHPG+G1fIVjVDf6qzKyAIjcgwD74qlWhVQszhtKmDCkLMAAst9h7XO2LdkD59F1gq4WaZFoaNQEN93pMHb6jKAZQRdoTmBE8pYmGW6ghrfucc76lAOHUDq8wESs/Zy8PqkDoIsbYseTkCGABNoMyBYgflvgpk5WkrsgVgNZI3sD8UyQIgx6YAJxIMxOo80k/n74sa4wUzFQBdgT8r3/ABxKyHFmQABRAMrJPLO4jY4HZYh2iJtMdzBKjvuPxwdOZAUjSqidOkKBexaRvABj1xdWuMvkK1UqWJRCJ1HcgdhO2CwyYoaDSlnPxDfUsXJ7R+mOv56mF8pWiygBhBj8hgPXzRDOC51DlMHcRI2MAQPbDcBHP1aRJl+WLBiZB3Npm2Mv8dhKdTlPIt9MnuLEx6zY7H1v3x3xU7ropzLGABDMCICja5jrfpisDilU1FDuxYsI5o0sCoBIA3Ht36jHO8vljFsonxXi+XFF/LTnKqq6RpvaCYHMQBp5TG1jiNwevU81BVrGjcKzkCmFQAsylgSSWvFug22wz4oGqorGojlKJnTpUq0ww08w5S1hYgAxECAeZzhckwEAAARR0EwJNzY743nQM8UGWOYrF6zOiDl0tJqGFuvKVUbbm8H3AWrmmlW1Q0DmE/dAAO++4xFYg7Y6pVSp5TBIgkdjvirhwZ1yy9dF1EC3W5iWHoZwf4PxUJrqvTaqU0sDC/ZiQZCgAKDcGd5B7yCzFZIUIgWBzNIJJv1/sfTtOJGRrVWpjLqwZKlVT5W0tYAsYFrxv6+uFURz/EKNTlHmgOwZldljUzlmiLCCWuZkt90QMO18kjNpFLSWJVqhChiDqKfZq5CGASYF4n1xwvA6FJKi161M1hUCKqszIwtqIZLmCYnbe5jEzhdOhSLU/wCYprzErUpqTbVA54ABAvHTGeVrNP8A+AZf/wArmP8Aer+mPcSv5yj/AKX/ANiphYz8uX4NqjZnNa4LdFAUCYAC7QSYA7DucT+D5tiHppGtlbRCSx5bqsAmTFj0v3jAarXLR6D+5OPKdQgyDB6EEgj5jHTFsWQZ3zmZcxW8ptYfSEhXMdSBCt05rXwNr5r7Qojnyy1p27TYkfMHtiLnMwGaQscoETqmBE329hhoNK29297x+BwsMXnh3ikUKX2opvUeozVF8vSdQQKvNJ3VvjCk2vJM4jcJ8b1i1NG8taaMT5gQlgDJexJDFuvfqDimq8XFzjpXGFtSxpfiTx8PJo0suxIAmrqAhiSp2gFZuY2Go4e4JxYVl1JYxcf0979sZkzjo0+8zg34a4z5LKCoImZmIJtPy/th+xvXh9ICywHKIEDmBExP12xH45wxKpXSdJ1TOlSG+I83eCfy64rvg3xeazijWEKqLpZQwJNwATHrE2AxdKnDwyKVaBuFIBEG5mR+WLWvQKorCqiUVOlWuDIkAadoud+m2JmSytOmzEadJMtIMj4ZO9gDFv0xO4llCIKEXAsIExuQQN4wOzFUSWcGyiVgz6/lM4z4PfEmXp08vVqBhy0zaJkGwH4gYzbKMwE9yPpecWfxvxojKeWICvU29BLW6kTFzipcOqXBYEdjHp3PU4NRZuHVGWojzeJEHqpkz1vGJ7D4mMKoBJYgz8h1n97YC16h061vEcu/oYPWwxJ4txQqqPUGrVpIUlQWUj1udot1xOTPI2/iil7kED679L/XFc4r4wajmGKXRgRLKNj0F4IHf1OAvirNIKp8ohEYHk0sCkHlDd2MTMfXAXNVNRuZgaQR+G/bGOPHlf8AVYkt9Fshxfzs6hr1PLpvUBqMsJAA6H7kgRY9cC+LZtKlerUpKyozSqtuBHrPviNWMSLXj9g45atYgbGOgm3ruPljpI1I880xpm0zHQnbbvjwmceIhYwASewxIzFEodMQRE2IMwJBBvY9caUwtjhBJBO3z/t1+WHPKmPxuOm53w2Viev7/DAeEHVAM3gR1vA+uJFfKPTKzuwkQR3jpcH0OHODZUtVVYPxDVZbKSAxhuoBnr7YnZhFVyWplhq3IgsI6rFiOoxmpQdrEkqAQLCLfve+HKrxBBlRtba8mQf+mJvC8mKzgFhrY6VEwJLBV1f0gk/pgzkuH+RXei5p0yKoUu5AHlrz6hqYNJEXHTftimoH+PZrsf8AKP0wsWP+Zpf/AHCh/vsx/wAWFi4rOZ9LY9C481/v8sejFU/RIeoPMZgCeZgNTfQnmM+uOq1LSToJ0mQCYmLi4G2xxHx6z7em2Je0dDDjG3T0wyDjpd8TB0CL4doVyplTB/e+GawE2BANxOFMYoPZHxDXAImdPMDAlII+E9BPTbF1H8R3FNKbEM5gub6QIEaouSRBa3UwcZirLpIiW6NJt6R/c4mUc1YAtsRaJA/fb1OCXpuvh6rXrI4diCANFMSVjqVLDpIGmbdb2DucNXTdCWESTPSNwOv64AeEPEVKq4SlWOimuzMV1jSJYyYHMdukC/TFlTPi5JkRAHcxdvz67++MaRmHjrOaq6oDyoLCBI1byZvsP2cOZIltKgLykOWv9O1oNsQPGbhs7VMxLgbXhAAbiOoMe+JmXp69IjlIsFPpba4v0GDrxiwUMzTeg7DSwWdUNMEET7Yq3H8wWD1UpuzU7KdUBFhteoHljtaTIv2KZOkWJVwqkBh5iggjVELNwQwif+mI9Wr9lVpeWKzORFPnIDKxDNoQjWAqqYPpEYazynShmo7uGJM2Mkn36998SeIVVLSBp2t0ssfPbfEWqxRiHEMJBU2IPr2IPTEeZxc1j16xxwBJ3A9/+WPdJt64mcDyrVKoVApJBHOAVE95IGNK84fmGoVUraQdJB0vsfQjcg4JZ7XUTzq5I8vkKAAMWYllgxDLe53EiJmxDN+Hl/l6lemrsaQ5iYcDSNLioW2IJCwpIAg9MDjl3q0kdalN2BeaQGnRfc3CgEsIgCSfTALgtNarOjQlLTHmNY0zqF9RkCZuLkxYE7i+JHnYagwVtKtBGoCwMGGG2xEicO1cq3MpKxIgAmCZj3kbmegJvjniD85OtXYbso0ybSYHLG4ERO59WCVwHJ+dqLP5YpgEvqA9BJMk2sAMNFhNRQrsSIU3Qwsk6h96ADuLacROH1WDwrFZsSNvnOLBlEojLk0w4rrUYvUAMoi7gQYuI3XceuGdgDliwZfKY6yN1tA9/wA+m1+0mhw16g1xr1SeUyRBEkqASRJw9lcwpqF40rE7zLNYF2O09+UbG2JdLOVgiihqpgyAEdjoKiXFlkAnmkHtvBwBb/sjX/py/wBB/wAWFipea/c/5j+uFigdGFhLhTgr22PQMcY6BxB2Vjf3+okY9iDvPqMKCZNh16fgP0wQ4bwhqqM8qApvJMgAajIANov7K3bBEEgbj88dZWqysHUiVMiQCJ9iCD8xg7xfhuVpUadWjWWqWcDy2gOBAY6gBYXgzJkiwtAXNGn5jFSdGolZsY1HSD2tH6YeB/LqiaWaHUqNQkCAbjq1xBBkW7YiFu3/AEx1mEg2kg7EgCbCfxP4Y4uOlsBY/D4roaboSmpwFMTMFZOnciSvp/bauD5PyqYBc1PU2UXvG5vvvGMH4NmSlSlU+1NNIVgrkEy2widKklbEcxB3O2y+G+PU6mVC1G8uolLU6wQeWnq5SeU2vAmL4ziSdsnzFXVVZyLOzkTeAzEj88EcpWqTqUamQgoJ0zYhhYes4FfC6hoMUxH13g/vbBzJkQCLyJnoRB6bgzIm0gYjtBXhuaFSCApLCxESjXHXrcjADxPnlYDMUmhp01CNw4Vbd1IIgxFjguyikQA12B2FmtFjET29sM57IIKTMFkkrc7taOaO8m++DNZ9UcsZYyTuTuffvhKlxNhIk7wJvbr7YezeXNOq9Pqjsu4+6SNxY4bDdR07Y2wJcPydOpUAFTy4AuykgnaZkhenxQJaLYuPBcxkaFMZnMKtV2qNyLqphWUggFSSVCyGB994GM8pkiwn29en0xYOA5/yKyOKZlnOpWVSCNIganv1/EEGcErT81xk6FQ0Eo06q66utZpMs88OogM6kjn0/FMYzJytNVrU3CljqqUll1SGBoT00qTMGYhVg3xeVzNeuz0su8rVpeXqZvs1ZVqMo1yC7jlE6Vt3jAjxD/DSouWWrSRfPWTVp05IIIBlNwIPQTIPpjSqzlczrUu7XUyVZEK6GADEQsiWF9IEWgjpB4lWSo1R1VUQQKaoDpAEiOkSOa4k3JvYlKPCxlgPNALVFYlGNQFNJBCuqxqDxO+09Ykd/hy1DWel8Kyd9MqS0FQZJEX03MDcnEEPL5aWAM8w+7FhJAPqJF56A+mD2Y4s1FHy9ZCKgARzAkqChZCBYzHxEGf9nDj5HLULo/mFVOpgY8xiCy6EZdQUCxIMgqbr1H+Jq9SvVes6sJgjUxaLAQDJnv8AX2APplAopVKZDsRJKEQmnTAvKnc2Jgn0GPePZhxVZmZwSA1INpVSdybWINoiLiLiZj5zjBrrTQ04qqsF1CzUIHKxNiCAIVRYX74g1C41eYQQDHPqN4J+vS0xOIHP8UbtT+i/phYb/wAKqd6X+9T9cLF+VAxahB1CxG3pG2PHibbY6UC8yN7R19Z2wXz75UU18tAWhbs7apGkvqAsoMkfWIgDBQimkx0B6nb8Me6L3Nu/b6f2xaaTpVyJByv2wZlSoupRLNTYqFAOqow5V783UYrD5dlmVIg9QR1xKjlRBFx8/wB3xPrVtYpoEgAAajCtJAVhIhdGoG5BNzJnETL0izqsXJEfXsL4JUQaVdGquzKpBVxDECzgqpMW30m07jfFgiO2qowCqATAgKAt4GwIAk3PXDfl8s9bWF7c2/QCRg3xFctTOqm1Q+YisQriwqFWam1lBIUMDAIBItbEXLNQRXcNqAAApVFkszCoCQykWQQZO5YWkYmAXIgW+eO6SzNpxI4aaUsKk3+EwLtteTAEMTHouJ/h/JNUzIo02ZUZwCzBZVdQIJ6csapXsSMRK44JkvNqqoCkT8IDGSRYGATJjt0J6Y0TNcFfKZHNV2qs7VUNKWGy1HAAjaYuT3Jw94B8M01rtVbynaedNJbynJ102XYbXkesYNfxbzGnJpTLCalZYA2hQWvPrH4Yn1q8e2ROGnzGOq2n5wTA9sE6KF1BdiFtG0jY6T0/64EuebV90wN7E3gi3yxIr50tSZaa/EACSesgWE3+fc4zXaLhQ8upT1yoCAg612IteLRMXGBfiLLyKajUpQ6ZncQOx3BE+sDA3w1xYinVpMA6xqHU6pAECO5HtGCeUpJUpUQpIGppWNoBI32MQI9PTF8ZFeP+EaebpU2yqIDo+NYBdyutvNJlidUgSZM9oOMvagwJkEEGDI6ixH1xu/hPhlJ1HMwJaXQsyqSrwNIUCW5VI5j7bzlvjrhIy+aqIF+ylghkkWJJgwJIJi8m28Y25gCZQhNd5n0sOh9Z/tgtksnVFejrMVHhgrKwJlnAkBdjEH398RMsAApR2JkBk9pNu46gxucHcnmjTzAeu7+YjwRLTy6SSC0jc7d5MAYM2rec7Tp0hS1rVr1HcPToA2ZtYc0yRY6bCLmANpwsoMzRZMwlWoaKAo6VHlypJ1aFK6uUiYN5YgWiTmUylOpX86hTVHK6gxQEnmIJDEiNIUCALDYkbEOK+FBXBatU1PptCsAD1gC5EgGfTtjergCeCUs9kmCAtVIZkqEaXR9TFlYCBpIPwj+o9b4i5GjTbK1W8krRp0yKtIgBkbVNgFJKgWURsCCeuLPXzi5YLR0OKYUFX1DWCIBNztBHbeIw34i4T/M0VdS5qUwDpBjzkBDaG77SJ67i+L/VU/w74RinUrtSsWcEH4aStJPlyDAFh+PU4qnFaIo6n5zTq02KyVOmbETzBWgtYWERONZ4O9LMPTahWYLTIYqNiCI01B0iDZpNhexmHxTNZdfNq1cuGmoKQKKdRJVTrUEcss0ar2AM4z8aMm4Fn1UPSqp5muB5JjnnbS08jC0HfsLYfdUWstLMq4oLUJWqHLFQwF2YLzRyw8SLAyLCw1KKhqFV8pTRTuzPqYtJBqAiFJgWEfd22GIXHOJ0sxQYv8KVLwwaYS0dyGiNQvcbEYms6G/4OP6q3/tf8WFgf/I5b+qp/u3wsPnPwaAVKkqogfLrfHoQ9Aenfc7YsGYpUq9KpmVelSKgK1IE6iphddwetyFi1pvYjk/BtRsscy1VaRt5S1GAZlUc0gCzFYgAkxEzvi/GtarVDM1kKhazoyPqRQxGl7AmSQFaOvpFsKsw8pS5Lu2xkwvMxbVIu0z/AJpwRy2VFPyQftEqNq2CFQrw3NUI0AwNyAZv8In3jfF6VSUpZemuvZF1/ZEWUKSdzEsIIJgknC8bnYDZaS3xBfUz/YEz7YlVajlCQNII1MAdxsIvsAdjfmPQjDdfI1KaUakEeYCywwJsZEKDqW0G+8g4ey+aqBGpLADghjHxjqGMTy7iDaNjOJgYyVBarAFtAnmZiIAkXPbc3g307zgq/D1VGZKgLCmCulbEOWSoNR0gxZCQDuAOuImcJlNTgg6eZFXSAvL8JgPJQNeAYnFg4Lw6rUWglF5qQXCKFIuyIU0uvNYl9MwsNaYJZE1V6eVLcu+ncjYTECdgJ9O84tfhfJeU1NnemFbRZGBqTqqKsTaeYz6AYtPEfBAFAMlEUqrgDQ7loCbiBBafWRcQAMWfivhIO9CrSooKq1AzkcgAE9AYIn0Jj2xjvU9CfCvFVXXXNFaaoFTWQAWiRJ0x94aZ6bX3wB/ivxw13yyDSdKuzKAfvEKp9Z07euLf4n4ClVwAyqADqCj4jK6QekQPfY7gYzPxe7tnjTgr5KJTg3JhC8kxe7kEnexthb01wnYNmqQWxuRsOxsbelzjrK1YJAgGZnr1sPwxHz6tGpiJ1Xiw9fkLDEzh1AsSSoCgSSdtjAJ/TGfp1jnh2eXL1mMNDgglfuzBBA6+o7E+2DeTzjM+okQNLW2huo+RvgN/LDVLDaY+Wnt+7Yeo0ZIKk6hYKuwG5Fug7bbYqNd8BZhgtVSVKrUDAmd2UIIja4/HDH8SvDIzGWLoBKOSOULIIgz/AFXvqMYg/wALOIHzmpH7yWJjcGf1xfePEGg4iTG3tf8AtjoxY+eWyy0aThxDsDpIMxBUkk9Notgamr4pJbeTMn374u3iunSZBAmoWKhd4k7AC9/zwN8IZKhXrDLvAhmdKkEPIVtM8xAEgEiDGIxRbwbxLMtXpqHenqOiV0kf1sSTPe4EG8Y1J6+nLqwqa9AOomxcKOcREg22icUWrnKWWqsauhmGk/YlFPw6SWBES1mIveMT6niCjmUcIKgWeclyApK2m1x19RPQW3J+SdDtKursyKhKGQpcgAE87gH4jBIEeh6jDqVKyUwC0kTzgAqwiArNM6tXcicQvBlOKJNQ28zlVrGCSwJBPUNIi8HrGHvE3GKVCkgYE03aGZTbmPxAxuCfTriztfpUOH8WGWztSpTVDTqsoqPqgKG5gwAHKACNS9OU2m8zhGaTNV2X7Fkplj5d9Z21Esr80AgSQZKt3GOuH5dUhKWisGE+W7S1VWPKATAUqAdpEzMYqfhDMrlsyyLT1MXJoh1JbWdKgTqHTc9gfbFsF+4jkcuqUqX8u4ViGYlSdJB/pEzv2/G2K34m/h+snMU11U2qfaU9MESYIEfdjqPc9xeKPExqFOuFp1WE6SRDaJDFXAJba87TB3ErOELTchiWH+sTYQpEdJ/Zxj4xcUn/ALP0e1T/ADt/x4WD3+I1P6fxwsToYTksk1XVpK8okBiAWJ6KLyxv7xEzAxYfEnivM5imlCuwptQleUaSToKmbSxjlMECCYBGGODU6CGua4HmpHltqYJ5m4UH6yemlYkE4CcVzvnVnqEAayDYRFgOgE+pi5k9cWcusgd/mKhQqzsyGCbSTBtJJmOvvHXE/g3DqDNTNV9FOpCliDCEEF7DdfWVIk72wIWYsJETbuvW1/3OCXhqkhr0kdC4LiGSbkDUARF/zxnfv0o5/EfhFDK5kU0YtRqUhUVNlRiGI0gQYmOgMMRit5LiNWkGSnVdFdYqQBe0HrcdJn6Yv3iTwBmKqNmGKM2qBpI1CnJiQ0CVBUegU364D8R8CNlst5uYYAsyqAgZ9LXJJK7ggHaLnCW4Kq1QWVdWixYFjBNiZA9Zj9cWHhXGKNNS3mViaeo0wGInWNEWaQYbeQOWOpgEuVeWUSVVS8lRAAMFiLxtH4YsPhfwv/MI5DIWgaBr0stxzxeYIiGsdU9sEq6+Eszm81VDIFNJJ3cBiGMAll2FpHXcE9cXqpl2SmzVqsyRCjbbYnre9oGIXBuCrRGpNUldLvIOqLAuInVA9rDErxARAF4N4kkdp3xSQHr5mTCk3MwNh7Yx7OZ8vnK1e7FqriZ3AJF+9gPoMa26hVLzYAnbsJxiGTqtudmmLbSb4xW+PrypUY1L3E+l/pifQVjyFiFNyoJg3P736Yh5xRrF56e3bE6nVgiRI+G31/vhfG4VVxrC6mBgTsOnNEfL5YkZMw2i+8H2IKzt3jDdUSdUbdx26fljrKUm1OEPMyyAbCZBMYzKWYuvgPNaczSfaSAQR35X/X541LjeVZ6TCm2hhJkLM8pBB7yMYh4d4mA6zv0Yd7C/vE+843inXD0Q/wDUmr6rOOkc6xJ8sHc03sVLOCVBLEwIsI2kwevtgDwik9CudOkQphmElQdt9mmIO8m3TF8ztIDVAvvM/I+2KrxunTXS5eH1gFBEkQ3NtDHUQL7AdZGDNnQhxfgbl6hamz2LMaekTJmSukwkQeUSJgwZxXOH5xl1q0xqCt9o11mNNjcgwwv92MWrhni5noVEDsXZGQSJLHSJDXNmvB+7Ez2pmfoEKpKKJhyNRkwzIZvIJ+Ige9umr+kaj4V4gmWoqdD6AxDk76KahS7EAgTc6Z6GOsyKnEstUXM08wT5R+B/Le2oyhU6AD0I3Ijc4r38PuO0a6nL5jSNVPSqgmDpawIHck2M7n53fPeC/OKaq1RV8t0ZQQ3KxkCSNtu8R88b2RYp/hrOZp6grU1yopyUPmvBO7QrTOoqw2BuOmAnjGnWSpSejSVTqaoj0gS3mIQWAtKRLNFwRMTE40t/4d5Zno1GJJptqawAqGxkqOUGRNhf8cVTx7lMhm2J/mXy4Tkny2FJ/LcqxE6QSrEiZtAjrh8tMUniPiV847kuEYU9SUmP2UKhNXQSZV2AkTbe8hTjjhXjeqAlGu7GgGnlC6kBNwpiSkfd33jpgBxPOVHqvUcnW1mOnTOpYMiLEqb/AD33xCI79fX5Yxy79XGif/EDLf6I/Vv1wsUfyE/0Nb9/7GFjOQcVm0/0wVtpkAGxNiBcCxP4nDVdlJJVSFmwJmJ6TbHry5LAfs+m2OTqVSJsSJF+lxPT/pgOo0sJBP8AUAwE3vcC1vfGh/w+y1IhczlqNbzaZVXpUySrydEFivchiRJAGM9V7hj0t+Eflgn4Y43Wy1TXRYgspUgkxB+I2IEwP+mLx9GxeJvFgWjTqZekrkCWDKxI2ACqQpIn7xgRc4AZOvSzWXq0VtX0pqB06BU8wwVkQQIvaTb5V6v46qvlymiCqaDJEEHYgEEyB0sLj3x1/D3OURXZV1+Y9MGWj7jTsN9R+mLb3gC1ci2XrOlTzPidFdldfMgibG0MdJIP9Vzg/wAA8J1SKbFiQ9UDSpJKBXkFgBIWFbeIiewOg+LvDuXzOmrWqOOQHy9RhpBvYzPNuCNhMgRgHmaVemuvLOoZFl2adVWBEsxJDGIAERv8p/WbGgeHqo8sqy6HBhrzqiOZSblT0+eImdoqtSW5lDfD9SAB2xV/AXn1lDVnIqNET10iB8/X0xYs7TEkHWWDXnrt26H9MGp4BeKK2nKZlgCAKTm33eQgH8cYxkxMDaFMY1z+I0U+HZmxuqr7aqijvf8A5HGQ0j8MdIn07YzWuLzMvLj5YI0qYcQA2oGwEADpebdsDeIctS46D5WGJFFrREzFiP3OM3xuepq1iEsNwVn1tInY2k45FYeaFmLgSP8AWBH6Y6p1OXTpm5IIPWAII7Wn5+mIlWmD6Ha/4DEa+kyhmBTmNhA/GJ/5euNg8D+IFr5BUJuA1MmdtiPzxiueViZ21gH67j6z9MXT+GefVaj0f9JTWoB2K8rj35l+hxrjXPkK8XzBUy3wxv27dP3bFY40qtKHWWCzqIhTtHN0MdT3wd8U5Ut5pVgOvyHc9J/XAHP1tQVwFlkDMbm20WsNvxGGoHZZyVDpZwsOpBAJ2IOr7xAJt0WMWyp4Ky5oIWZlYh1Vg6tCwpptvBW5nqNS2wM4bwtzobU9NqnmN5hViWB1HkIAAOk7AzY2jefwDLaKDq41UVDO5LTKElYI7kmJUCNN95OoyheBfD3nVQdMCnqDVAYEhrEHbtt+GNqyOZ5QpOxi5kiIjoJ/6Yyn+HnE2oFqahdLEks0jTAGkgEwSQSbgYvors080hmggGfUiRtAHX074cUiP4t4uRWWmtc0SgNVdP8A9UAFaiXsxBIPYbmwOM2q+JGqQtWgj5UVlSrTemVqLrRR5rkbamDnYXEE3xc894roHK11cUqdeksNSeGLB4AVbgzpI1ae9j1xTshx7Lpl61CrmjUL5MrOmAHY8ihjzs6hgpkbL0gz0y4qt8d4cHFfNZejoyvmaAA2qGUKZHTQZMETEgWwGytZqTLU8pTYsNY1IVOpDI7SYFxBAwb4WaT0lVq7U0qP/wDMqp1aUVlAqhTENLQQNWpTPQgc0eI/yb1ss6rWpSyyDHI0HUjRsyw20X9cZxVZ1nufqf1wsF9OQ7Zv/NR/TCxBHyrkWuOitAsf0OIxljCg+298WSr4C4oQAMjVtebb/wCbYdMdU/APE1TUuVrq82AA2gX1arelv7YzIitGgw0iI1XE9Y3+mHRRewidjy33PXB6t4C4owWcnVkW2XpsSZuf0w7lfA/FEkfyLkHuq2MRI5u0+n54oY/wcsHaoyhgAVTlHmS0A2JsD3A64fyORrLV102amEkEpBlR8egmzNBJjsp62w5l/A/FQwX+WrAbTAj4pBPNe9++D9PwBmBTFQ0qpquYJ0rKA3MDUZn1vY98Z5dJRHgnEquZpK1UEFYXrBAANhNryIHUHFgaougpUpqyvpke23zt7XuMc5Tw9Vp0lVaVSQAB+TSPcT88SKfA6jADyqinqSBB+UzjXai3h0UgpYhVYSIv697Y94lnUXUytpJG3e8H2gdPXCo5E0qbhKbs1iDEXtsPQzgPV4dmDfynPe3fF8FU/i/xofylOhqJao4MdNNO5J9ZKj64zfK949/pOL3/ABD8LZ+vUoillajqitcBYliLb9l/HAbJ+BuIxBydQWG4HSB0bGeTXFW+Ika5Jmwv8rR6Y8yr81+l8H8/4C4iajacnVIBsYXoP/2wqXgXiW5yVWf9n9cTOmp6i0ViPYiwnsR19MRcytiQffB2r4L4kU/8HVmdoHp64aPgfiUf+DqdotPp126YzlbtgKWO033E9D+/74JcEzAp5vLOpgSJE7a9SsD7T+Aw+PA3EpBOTq9th/xY7reCOI8pXJVNSEEQBcyD374SWVjl2tvGlljIYqwgx0tucVfNU1WlJcqqFhMzJJBWe/7+V14twPNHyzTouQRzAjb4TGAHGPDWe8qEyTszNJED03M79N8X7Z+nlDPVDwtUNVYp1m8uVJYOAtRLT8LAuLRGqRMYZ4VxKlTpOtIo9E1I1MG1NTeGZSCNJEggxuQO+O+HeFc8ctXpvknWShVIAlpI1KQTELbbqcQuE+EeJ0qixk6kbS4RlWYnrIEgG0bDtjVZorw2vkzV8tmFKSyjSdK6gN43UwLNMTbrGO/E2UqUvPzOWJFP+WKqVJBR/MXW0bz5c36R0tjmv4FzLGWpOHWNLLTBEEwQZLSEHwyAYCyemDWV8L5mm6GjScKRFUOApZgx5yFlTIvYg9De+J54M3zGddqWbABqColCq7qshGXQWkkyPiIkTudhMAs1lHVKdRo01QxWDJ5XKHUOlxja6Hgxw9ZzTaK6BKiAcpgEagOhgkH64oWf/htnEbRRy9WoqoxZmEamltIUdCAQb2MfXUI98EcKyVTK1c1m9bCgGQrTUAKrABC5UamYljpYbaeY2GKTVbUfwA7AWAn0EDF4y3gvPeZpOSzK0PLZEGoE02dRqazcy65JU7g7SMEvC/8ADJmoVKmby1bzbgJMRAkFNLXJsObscaqs3/lKn+jf/I36YWNm/wDh5/8Ahf6DHmM6jWMLCwNVDVdpZginSFUldRgEkkXi8AT0xVEsLA4IaToAzFHOnSxJ0mCQQTeLRHqMRsvVaoz0wxhajF2kyF1HSoPSY6bAeuANYWIOTJNSuCTAdY9Ps0Nu2GnzJU5hpPIAQP8AYBt7nAE8LAujm2XLmf8AvE5I7vZV+sqfnhmpW/8Al6epiIdUYhiPhYq1xfpgDWPMQMj5Wo+W5YxcGo7W9mJGO+LXp6P62VD7Fhq/9M4CYDj3ETNZ1abKmlizA6QomYifbfDK8VQxZ4nSSVsrTEN6zbtgCOFiHXz6q2kK7ECTpWdIO0/pvjxeI0zT8wE6Z0ixkmYgDcycBLnpjrAxMwGr07MpCPIYQbmnHodjtjt+KIJMNoBgvp5ReDftPWI9cAQwsRK+eVXFOGLEAwomxJEnsBjipxJQWEMQtmYLKqesn06xMdcBOx4DhvL1g6q42YAiexEjA6hnAj1hpZj5kkKswPLp3P0Nt7YAqTj3A+vWV2oMpkFyQf8A+VTHVTiSgsIYhbMwWVU9ZPp1iY64CdhYgvxNAqNDHWJUASTYGI73x0ufXQzmVCmGBFwbWjqTIiN5GAlk49wJq5sNVojSynWxhhEjy6lx+5xIqcSUFhDELZmCyqnrJ9OsTHXATZx7gfnKoanTqr0ZGHsxCn/0scEMAsLCwsAsQHoujsyAMrXZSYIMASp2uAJB7Yn4WAgU6VR3V3AULdUBkyQRLHawJgDvvhmnkXUmosaw7mJsyM5ME9+o7H3OCuFgIDJUSozIgdXgkaoIIAXrYiAMMnJuysWABd0LAH4VUraepgfjgrhYAfUyRNcPPJGoj/XUFVP0J/yjDdXKOA2kA/ah1ExIsW9uacFMLARqFVyeanpEb6gcN8Usqt0V1J9tQB+gM4m4bq0wwKsJBEEdwd8A09Amqr9AjD5koR+RxFfJv5braWqFhfp5gb8sEVWBGOsAOKVEd2VA4cg/FBUhQt5FxAH42w1TydQU128xajPE2aS8iekhjHa2C2FgB1NKjVVdlCqqsI1SZJXeLdMQ14W4Xy9MjbUargafVAd46C2DuFgIdKgRVLRy+Wqj5Mx/IjDCU6yBkVVYFmKsWiNRJOoRJgk7b22wTwsBG4fSKUqaHdUUH3AAOIqrVR6hVA6u0jmgjlUXttb3t64J4WAG0skyijsSrszRtzLUmPSWx4lOsgZFRWBZirFojUSx1CJMEnbe22CeFgBuWyjAUJA+zQhvQ6QLY8rZJj5sQCXR1nY6Am/pKxgnhYAYVqO9NmQKqEk80kyrC0Da/wCPSMJKdZAyKqsCWKuWiNRJOoRJgk7b22wTwsALq0iuXpUj8R8tPoV1fQAn5YKYaakCQSLrt6SIP4YdwCwsLCwCwsLCwCwsLCwCwsLCwCwsLCwCwsLCwCwsLCwCwsLCwCwsLCwCwsLCwCwsLCwCwsLCwCwsLCwCwsLCwCwsLCwCwsLCwH//2Q==',true),
(14,4,'pino silvestre','Luctus lacus montes vulputate libero purus est litora, risus magnis quisque ac urna magna sollicitudin, suspendisse mauris massa euismod quam placerat. Facilisis congue id posuere tortor et porttitor curabitur pulvinar sapien, cubilia tempus pharetra facilisi fringilla dapibus lectus non hendrerit, pellentesque dictumst vulputate natoque molestie aptent nascetur ante. Laoreet etiam taciti integer at metus facilisis, pellentesque tortor leo enim felis turpis bibendum, neque curabitur himenaeos hac torquent.',154000,0,'https://www.google.com/imgres?imgurl=https%3A%2F%2Fwww.arbolapp.es%2Fimagenes%2Fespecies%2Fespecie_050_01.jpg&tbnid=qPldTpwY-QuRpM&vet=12ahUKEwiK3J6mzM6EAxVXL1kFHVMKD5oQMygEegQIARB7..i&imgrefurl=https%3A%2F%2Fwww.arbolapp.es%2Fespecies%2Fficha%2Fpinus-sylvestris%2F&docid=vA0hFQhJFqKC8M&w=960&h=640&q=pino%20silvestre&hl=es-419&ved=2ahUKEwiK3J6mzM6EAxVXL1kFHVMKD5oQMygEegQIARB7',true),
(15,4,'abeto','Nullam porttitor vivamus phasellus tempus in morbi aliquet platea duis, nulla tristique inceptos pellentesque pulvinar congue sagittis euismod vitae lacinia, scelerisque mus orci sociosqu libero proin sed felis. Pretium tincidunt ultrices eu vel nam massa morbi diam sem, neque aliquet vehicula penatibus odio phasellus curabitur. Conubia natoque quis tellus scelerisque sociis facilisi nisi suspendisse, id interdum ornare vivamus proin himenaeos class sed in, suscipit torquent est aliquam orci nunc etiam. Congue et nisl magna cum id sociis enim suscipit integer, nisi egestas est porttitor sollicitudin commodo natoque pharetra torquent, aliquam euismod nam porta rhoncus non ante habitasse.',330000,0,'https://www.google.com/imgres?imgurl=https%3A%2F%2Fstatic.wikia.nocookie.net%2Fesharrypotter%2Fimages%2Fe%2Fec%2FAbeto.jpg%2Frevision%2Flatest%3Fcb%3D20180625003007&tbnid=mcJdiMqCodKuGM&vet=12ahUKEwjL0uPHyc6EAxX5oLAFHXYMAsUQMygBegQIARBz..i&imgrefurl=https%3A%2F%2Fharrypotter.fandom.com%2Fes%2Fwiki%2FAbeto&docid=yLyPh5uCdVSo7M&w=1200&h=1600&q=abeto&hl=es-419&ved=2ahUKEwjL0uPHyc6EAxX5oLAFHXYMAsUQMygBegQIARBz',true),
(16,4,'tejo','Litora metus senectus mattis egestas mus fames tempus suscipit, inceptos luctus hendrerit congue quis sem. Potenti quis conubia fermentum non dictum nibh, viverra neque sed pretium eros aptent, metus hac at imperdiet est. Accumsan donec sociosqu etiam venenatis felis aenean suspendisse facilisi dignissim conubia non, molestie est ultrices neque id diam pellentesque quis quisque in odio, per nulla aptent arcu vehicula lobortis aliquet tempor cum platea.',273000,0,'https://www.google.com/imgres?imgurl=https%3A%2F%2Fcdn1.es.casasrurales.net%2Fblog%2Fwp-content%2Femp%2Fblogcasas%2F2016%2F01%2Ftejo-santibanez-de-la-fuente1.jpg&tbnid=l4Okc6LQW7bLlM&vet=12ahUKEwiToYXDzM6EAxWEHWIAHVmOBAgQMygCegQIARBv..i&imgrefurl=https%3A%2F%2Fwww.casasrurales.net%2Fblog%2Fel-tejo-el-unico-arbol-que-crece-al-reves&docid=nX1lOZgk1wS2ZM&w=762&h=510&q=tejo%20arbol&hl=es-419&ved=2ahUKEwiToYXDzM6EAxWEHWIAHVmOBAgQMygCegQIARBv',true)



